<?xml version="1.0" encoding="utf-8"?>
<addtomenu>
	<name>Add to Menu Component XML - com_content : Category</name>
	<version>1.6.0</version>
	<author>NoNumber! (Peter van Westen)</author>
	<authorEmail>peter@nonumber.nl</authorEmail>
	<authorUrl>http://www.nonumber.nl</authorUrl>
	<copyright>Copyright © 2011 NoNumber! All Rights Reserved</copyright>
	<license>http://www.gnu.org/licenses/gpl-2.0.html GNU/GPL</license>
	<description><![CDATA[
		This template is used when viewing the article list and a category is selected (dropdown)
	]]></description>

	<params>
		<!-- Name
		 * This is the name of the menu item type
		-->
		<name>Category</name>

		<!-- Adjust height
		 * If for some reason the height of the popup window is
		 * not big enough (or too big), you can adjust it
		 * (negative values are also permitted)
		-->
		<adjust_height>0</adjust_height>

		<!-- Requirements (get/post variables)
		 * -> Use '*' to match anything but empty
		 * -> Use '+' to match anything but false (empty/0/false)
		 * -> Use comma's to match any of multiple values
		-->
		<required>
			<task></task>
			<catid>+</catid>
		</required>

		<!-- Database select
		 * Define what options to use to select the unique item
		 * You have to define table, where, name and alias
		 * If no db lookup is required, only define name (and alias)
		 * -> Use '$...' to use available variables
		-->
		<dbselect>
			<table>#__categories</table>
			<where>
				<id>$catid</id>
			</where>
			<name>title</name>
			<alias>alias</alias>
		</dbselect>

		<!-- Extra options
		 * Define what extra options to display
		 * For type, choose from:
		 * text, textarea, hidden (use value)
		 * select, radio (use values)
		 * -> Use '$...' to use available variables
		-->
		<extras>
			<extra>
				<name>Layout</name>
				<type>select</type>
				<param>layout</param>
				<values>
					<value>
						<name>STANDARD CATEGORY LAYOUT</name>
						<value></value>
					</value>
					<value>
						<name>CATEGORY BLOG LAYOUT</name>
						<value>blog</value>
					</value>
				</values>
			</extra>

			<extra><type>toggler</type><param>layout</param><value>blog</value></extra>

				<extra>
					<name>Num Leading</name>
					<type>text</type>
					<param>num_leading_articles</param>
					<value>1</value>
					<style>width:50px</style>
				</extra>
				<extra>
					<name>Num Intro</name>
					<type>text</type>
					<param>num_intro_articles</param>
					<value>4</value>
					<style>width:50px</style>
				</extra>
				<extra>
					<name>Columns</name>
					<type>text</type>
					<param>num_columns</param>
					<value>2</value>
					<style>width:50px</style>
				</extra>
				<extra>
					<name>Num Links</name>
					<type>text</type>
					<param>num_links</param>
					<value>4</value>
					<style>width:50px</style>
				</extra>

			<extra><type>toggler</type></extra>
		</extras>

		<!-- URL parameters
		 * Define what the menu item url should contain
		 * -> Use '$...' to use available variables
		-->
		<urlparams>
			<option>com_content</option>
			<view>category</view>
			<layout>$layout</layout>
			<id>$catid</id>
		</urlparams>

		<!-- Menu item parameters
		 * Define the extra menu item params
		 * -> Use '$...' to use available variables
		-->
		<menuparams>
			<num_leading_articles>$num_leading_articles</num_leading_articles>
			<num_intro_articles>$num_intro_articles</num_intro_articles>
			<num_columns>$num_columns</num_columns>
			<num_links>$num_links</num_links>
		</menuparams>
	</params>
</addtomenu>