<?xml version="1.0" encoding="utf-8"?>
<!DOCTYPE install SYSTEM "http://dev.joomla.org/xml/1.5/plugin-install.dtd">
<install type="plugin" version="1.5" method="upgrade" group="acymailing">
	<name>AcyMailing : Handle Click tracking</name>
	<creationDate>September 2009</creationDate>
	<version>1.7.2</version>
	<author>Acyba</author>
	<authorEmail>dev@acyba.com</authorEmail>
	<authorUrl>http://www.acyba.com</authorUrl>
	<copyright>Copyright (C) 2009-2011 ACYBA SARL - All rights reserved.</copyright>
	<license>http://www.acyba.com/commercial_license.php</license>
	<description>This plugin enables you to turn ON the url tracking capability</description>
	<files>
		<filename plugin="urltracker">urltracker.php</filename>
	</files>
	<params addpath="/components/com_acymailing/params">
		<param name="help" type="help" label="Help" description="Click on the help button to get some help" default="plugin-urltracker"/>
		<param name="trackingsystem" type="radio" default="acymailing" label="Tracking system" description="Select the tracking system you want to use to track your links" >
			<option value="acymailing">AcyMailing</option>
			<option value="googleanalytics">Google Analytics</option>
		</param>
	</params>
	<config>
		<fields name="params" addfieldpath="/components/com_acymailing/params">
			<fieldset name="basic">
				<field name="help" type="help" label="Help" description="Click on the help button to get some help" default="plugin-urltracker"/>
				<field name="trackingsystem" type="radio" default="acymailing" label="Tracking system" description="Select the tracking system you want to use to track your links" >
					<option value="acymailing">AcyMailing</option>
					<option value="googleanalytics">Google Analytics</option>
				</field>
			</fieldset>
		</fields>
	</config>
</install>