<?xml version="1.0" encoding="utf-8"?>
<!DOCTYPE install SYSTEM "http://dev.joomla.org/xml/1.5/plugin-install.dtd">
<install type="plugin" version="1.5" method="upgrade" group="system">
	<name>AcyMailing : (auto)Subscribe during Joomla registration</name>
	<creationDate>April 2010</creationDate>
	<version>1.7.2</version>
	<author>Acyba</author>
	<authorEmail>dev@acyba.com</authorEmail>
	<authorUrl>http://www.acyba.com</authorUrl>
	<copyright>Copyright (C) 2009 - 2010 ACYBA SARL - All rights reserved.</copyright>
	<license>http://www.gnu.org/licenses/gpl-3.0.html GNU/GPL</license>
	<description>Automatically subscribe the user to AcyMailing during the Joomla registration process</description>
	<files>
		<filename plugin="regacymailing">regacymailing.php</filename>
	</files>
	<params addpath="/components/com_acymailing/params">
		<param name="help" type="help" label="Help" description="Click on the help button to get some help" default="plugin-regacymailing"/>
		<param name="lists" type="lists" default="None" label="Lists displayed on registration form" description="The following selected lists will be added to your Joomla registration form and will be visible." />
		<param name="listschecked" type="lists" default="All" label="Lists checked by default" description="The selected lists will be checked by default on your registration form." />
		<param name="subscribetext" type="text" size="50" default="" label="Subscribe Caption" description="Text displayed for the subscription field. If you don't specify anything, the default value will be used from the current language file" />
		<param name="displaymode" type="list" default="dispall" label="Display mode" description="Select the way you want AcyMailing to display your lists">
			<option value="dispall">Display one checkbox per list</option>
			<option value="onecheck">Group the lists into one checkbox</option>
		</param>
		<param name="fieldafter" type="radio" default="password" label="Display the lists after" description="AcyMailing will display the lists after the selected field on your registration form">
			<option value="password">Password</option>
			<option value="email">Email</option>
			<option value="custom">Custom</option>
		</param>
		<param name="fieldaftercustom" default="" type="text" size="10" label="Display the lists after (custom)" description="If your registration page contains other fields, you can specify the name of an other field to display the lists after this custom field (The previous option should be set to 'custom')" />
	</params>
	<config>
		<fields name="params" addfieldpath="/components/com_acymailing/params">
			<fieldset name="basic">
				<field name="help" type="help" label="Help" description="Click on the help button to get some help" default="plugin-regacymailing"/>
				<field name="lists" type="lists" default="None" label="Lists displayed on registration form" description="The following selected lists will be added to your Joomla registration form and will be visible." />
				<field name="listschecked" type="lists" default="All" label="Lists checked by default" description="The selected lists will be checked by default on your registration form." />
				<field name="subscribetext" type="text" size="50" default="" label="Subscribe Caption" description="Text displayed for the subscription field. If you don't specify anything, the default value will be used from the current language file" />
				<field name="displaymode" type="list" default="dispall" label="Display mode" description="Select the way you want AcyMailing to display your lists">
					<option value="dispall">Display one checkbox per list</option>
					<option value="onecheck">Group the lists into one checkbox</option>
				</field>
				<field name="fieldafter" type="radio" default="password" label="Display the lists after" description="AcyMailing will display the lists after the selected field on your registration form">
					<option value="password">Password</option>
					<option value="email">Email</option>
					<option value="custom">Custom</option>
				</field>
				<field name="fieldaftercustom" default="" type="text" size="10" label="Display the lists after (custom)" description="If your registration page contains other fields, you can specify the name of an other field to display the lists after this custom field (The previous option should be set to 'custom')" />
			</fieldset>
		</fields>
	</config>

</install>